key,0,1
#,,
offset,0,4
int32,str,str
0,"TEXT_FESANX001_05015_SEQ_00","※本任務是特定期間內的任務。<hex:02100103><hex:02100103>艦尾樓的異國的詩人正在為新生祭做準備。"
1,"TEXT_FESANX001_05015_SEQ_01","※本任務只有在季節活動開放期間才能接受和進行。<hex:02100103>　季節活動結束後無法進行，敬請注意。<hex:02100103>　詳情請參閱官方網站。<hex:02100103><hex:02100103>受異國的詩人所託，前去為煙火匠提供幫助。和利姆薩·羅敏薩珊瑚塔的阿悠悠談談。"
2,"TEXT_FESANX001_05015_SEQ_02","和阿悠悠進行了交談，要幫忙為新生祭提供特殊的煙火。前往利姆薩·羅敏薩的乙太之光廣場附近和阿悠悠會合。"
3,"TEXT_FESANX001_05015_SEQ_03","和阿悠悠會合了。從利姆薩·羅敏薩國際商店街的人們那裡打聽消息。"
4,"TEXT_FESANX001_05015_SEQ_04","從人們那裡打聽了消息，收集到了關於煙火的情報。在利姆薩·羅敏薩渡輪碼頭的<hex:02280CFF05>EObj<hex:F61EBC010103>等待。"
5,"TEXT_FESANX001_05015_SEQ_05","在渡輪碼頭等待，並和阿悠悠會合了。前往艦尾樓和異國的詩人會合。"
6,"TEXT_FESANX001_05015_SEQ_06","和異國的詩人進行了對話。想要讓新生祭的特殊煙火變成現實，有幾個問題需要解決。再次和阿悠悠對話，了解一下她的想法。"
7,"TEXT_FESANX001_05015_SEQ_07",""
8,"TEXT_FESANX001_05015_SEQ_08",""
9,"TEXT_FESANX001_05015_SEQ_09",""
10,"TEXT_FESANX001_05015_SEQ_10",""
11,"TEXT_FESANX001_05015_SEQ_11",""
12,"TEXT_FESANX001_05015_SEQ_12",""
13,"TEXT_FESANX001_05015_SEQ_13",""
14,"TEXT_FESANX001_05015_SEQ_14",""
15,"TEXT_FESANX001_05015_SEQ_15",""
16,"TEXT_FESANX001_05015_SEQ_16",""
17,"TEXT_FESANX001_05015_SEQ_17",""
18,"TEXT_FESANX001_05015_SEQ_18",""
19,"TEXT_FESANX001_05015_SEQ_19",""
20,"TEXT_FESANX001_05015_SEQ_20",""
21,"TEXT_FESANX001_05015_SEQ_21",""
22,"TEXT_FESANX001_05015_SEQ_22",""
23,"TEXT_FESANX001_05015_SEQ_23",""
24,"TEXT_FESANX001_05015_TODO_00","和阿悠悠對話"
25,"TEXT_FESANX001_05015_TODO_01","和乙太之光廣場附近的阿悠悠對話"
26,"TEXT_FESANX001_05015_TODO_02","在國際商店街附近收集情報"
27,"TEXT_FESANX001_05015_TODO_03","在渡輪碼頭的<hex:02280CFF05>EObj<hex:F61EBC010103>等待"
28,"TEXT_FESANX001_05015_TODO_04","和艦尾樓的異國的詩人對話"
29,"TEXT_FESANX001_05015_TODO_05",""
30,"TEXT_FESANX001_05015_TODO_06",""
31,"TEXT_FESANX001_05015_TODO_07",""
32,"TEXT_FESANX001_05015_TODO_08",""
33,"TEXT_FESANX001_05015_TODO_09",""
34,"TEXT_FESANX001_05015_TODO_10",""
35,"TEXT_FESANX001_05015_TODO_11",""
36,"TEXT_FESANX001_05015_TODO_12",""
37,"TEXT_FESANX001_05015_TODO_13",""
38,"TEXT_FESANX001_05015_TODO_14",""
39,"TEXT_FESANX001_05015_TODO_15",""
40,"TEXT_FESANX001_05015_TODO_16",""
41,"TEXT_FESANX001_05015_TODO_17",""
42,"TEXT_FESANX001_05015_TODO_18",""
43,"TEXT_FESANX001_05015_TODO_19",""
44,"TEXT_FESANX001_05015_TODO_20",""
45,"TEXT_FESANX001_05015_TODO_21",""
46,"TEXT_FESANX001_05015_TODO_22",""
47,"TEXT_FESANX001_05015_TODO_23",""
48,"TEXT_FESANX001_05015_WANDERINGMINSTREL_000_001","哎呀，是你……好久不見啊！<hex:02100103>剛才還在想著「要是有你這樣的人在就好了」，<hex:02100103>沒想到居然真的見到了本人，真是太驚喜了。"
49,"TEXT_FESANX001_05015_WANDERINGMINSTREL_000_002","我剛好遇到了一點有關新生祭的麻煩。<hex:02100103>方便的話，希望你可以再幫我一下……<hex:02100103>怎麼樣？可以拜託你嗎？"
50,"TEXT_FESANX001_05015_WANDERINGMINSTREL_000_003","哦，你是冒險者吧。<hex:02100103>能在這裡相遇也是一種緣分……方便的話，<hex:02100103>我想請你幫我解決一下新生祭方面的事情，可以嗎？"
51,"TEXT_FESANX001_05015_WANDERINGMINSTREL_000_004","謝謝你……其實是有一個叫阿悠悠的人，<hex:02100103>想在利姆薩·羅敏薩釋放一種特殊的煙火。<hex:02100103>於是對方就找到了負責籌辦這項活動的我。"
52,"TEXT_FESANX001_05015_WANDERINGMINSTREL_000_005","到時候還想從見多識廣的冒險者們那裡了解到一些見聞和知識。<hex:02100103>所以希望你也可以隨我一起去見她。"
53,"TEXT_FESANX001_05015_WANDERINGMINSTREL_000_006","地點在珊瑚塔的地下，<hex:02100103>海都的治安維持部隊黃衫隊的駐所。<hex:02100103>你要是準備好了，我們就趕快過去吧。"
54,"TEXT_FESANX001_05015_WANDERINGMINSTREL_000_010","阿悠悠，讓你久等了。<hex:02100103>我按照之前的約定把值得信賴的冒險者帶來了。"
55,"TEXT_FESANX001_05015_AYOYO_000_011","哎呀，真是麻煩你專程跑一趟了，<hex:02100103>我是隸屬於黃衫隊的砲術士阿悠悠。<hex:02100103>詩人，冒險者<hex:020813E905FF07>姐姐<hex:FF07>哥哥<hex:03>，謝謝你們願意接受我的委託。"
56,"TEXT_FESANX001_05015_WANDERINGMINSTREL_000_012","你是不是好奇她為什麼會提出煙火的提案？<hex:02100103>其實在利姆薩·羅敏薩釋放的煙火，<hex:02100103>就是由他們黃衫隊製作的。"
57,"TEXT_FESANX001_05015_WANDERINGMINSTREL_000_013","畢竟對於操縱大砲的砲術師來說，火藥是他們的強項啊。<hex:02100103>阿悠悠同時也是一名優秀的煙火師。"
58,"TEXT_FESANX001_05015_AYOYO_000_014","這次想要委託的就是關於這個煙火。<hex:02100103>我在交付用於紅蓮祭的委託物品時突然想到……<hex:02100103>接下來的新生祭或許也能用煙火做些什麼。"
59,"TEXT_FESANX001_05015_AYOYO_000_015",""
60,"TEXT_FESANX001_05015_AYOYO_000_016","畢竟新生祭是為了紀念靈災的犧牲而舉辦的不是嗎？<hex:02100103>所以為了追悼，同時也是為了讓逝者安息，<hex:02100103>我也希望可以施放一種特殊的煙火。"
61,"TEXT_FESANX001_05015_WANDERINGMINSTREL_000_017","這個想法不錯啊。<hex:02100103>為了讓人們不會忘記那段沉痛的過去，<hex:02100103>提供一些能讓人印象深刻的體驗是個很不錯的選擇。"
62,"TEXT_FESANX001_05015_AYOYO_000_018","聽到你這麼說我就放心了。<hex:02100103>不過我不太清楚參加新生祭的人喜歡什麼樣的煙火……<hex:02100103>所以正為此煩惱呢。"
63,"TEXT_FESANX001_05015_WANDERINGMINSTREL_000_019","原來如此……<hex:02100103>既然這樣，那把冒險者帶來果然是正確的。"
64,"TEXT_FESANX001_05015_WANDERINGMINSTREL_000_020","我們就到外面去，<hex:02100103>找海都的市民們打聽一下他們是如何看待新生祭的煙火的吧。<hex:02100103>這類情報收集對你來說簡簡單單吧？"
65,"TEXT_FESANX001_05015_AYOYO_000_021","謝謝你，真是幫大忙了！<hex:02100103>但只是在這裡等著可不符合我的性格，<hex:02100103>我可以跟<hex:020813E905FF07>姐姐<hex:FF07>哥哥<hex:03>一起去收集情報嗎？"
66,"TEXT_FESANX001_05015_AYOYO_000_022","那我們就趕快去人多的地方打聽一下吧！<hex:02100103>下層甲板的……先去乙太之光廣場那邊看看吧。"
67,"TEXT_FESANX001_05015_WANDERINGMINSTREL_000_023","在此期間我就負責和執行委員商討相關事宜，<hex:02100103>有了進展之後我們就在艦尾樓會合。<hex:02100103>為了辦出一屆更棒的新生祭，大家就一起努力吧。"
68,"TEXT_FESANX001_05015_WANDERINGMINSTREL_000_024","若想釋放特殊的煙火，除了要告知市民以外，<hex:02100103>還需要做各種準備和申請工作，這些由我來負責。<hex:02100103>希望你們能把精力都用在製作煙火上。"
69,"TEXT_FESANX001_05015_MOB05015_000_025","煙火是不是從近海也能看到……"
70,"TEXT_FESANX001_05015_SWOZBLAET_000_026","因為又到了新生祭時期，所以行人比平時要多。<hex:02100103>這熱鬧的感覺又讓人想起了大國防聯軍復古慶。"
71,"TEXT_FESANX001_05015_MOB205015_000_027","白天熱鬧，晚上煙火……西風搭配喧鬧，讓人心情舒暢。<hex:02100103>我這航海結束得可真是時候啊。"
72,"TEXT_FESANX001_05015_SDHODJBI_000_028","那個，巴德龍委託的是……"
73,"TEXT_FESANX001_05015_AYOYO_000_030","<hex:020813E905FF07>姐姐<hex:FF07>哥哥<hex:03>快看，<hex:02100103>這次從這裡一直到國際商店街，<hex:02100103>都掛著新生祭的裝飾物。"
74,"TEXT_FESANX001_05015_AYOYO_000_031","看到這樣的節日氛圍，就感覺慶典終於開始了，<hex:02100103>內心也是激動無比。<hex:02100103>在海都，內心有這種想法的人應該還是蠻多的。"
75,"TEXT_FESANX001_05015_AYOYO_000_032","那麼……<hex:02100103>我們就分頭去找路上的行人打聽一下吧。<hex:02100103>問的問題大概就是「對你來說新生祭的煙火是什麼？」這種感覺。"
76,"TEXT_FESANX001_05015_AYOYO_000_033","可以在國際商店街上打聽，<hex:02100103>我們各自問過四個人之後，就在渡輪碼頭會合吧。<hex:02100103>稍後見！"
77,"TEXT_FESANX001_05015_AYOYO_000_034","抱歉打擾你工作了！<hex:02100103>也不是什麼職務需要的審問……<hex:02100103>方便的話想聽聽你對新生祭的看法。"
78,"TEXT_FESANX001_05015_MOB05015_000_040","煙火從近海也能看到吧。<hex:02100103>哎呀？"
79,"TEXT_FESANX001_05015_MOB05015_000_041","新生祭的煙火嗎？<hex:02100103>我剛好正在思考這個東西……<hex:02100103>你認為從遠洋能看見新生祭的煙火嗎？"
80,"TEXT_FESANX001_05015_MOB05015_000_042","你也不清楚吧，也是啊。<hex:02100103>其實是我丈夫外出航海了，他說過會在新生祭期間回來，<hex:02100103>但因為潮水的原因至今未歸。"
81,"TEXT_FESANX001_05015_MOB05015_000_043","那個人一直都很期待新生祭……<hex:02100103>要是能從近海看到煙火的話，至少心情也會不一樣。"
82,"TEXT_FESANX001_05015_MOB05015_000_044","如果能釋放一些大型煙火的話，即使身在遠方，<hex:02100103>但只要看著同一片天空，也能感受到新生祭的氛圍。<hex:02100103>要是真能這樣就好了。"
83,"TEXT_FESANX001_05015_MOB05015_000_045","要是能釋放一些從遠洋也能看得到的華麗煙火的話，<hex:02100103>我也會很高興的。"
84,"TEXT_FESANX001_05015_SWOZBLAET_000_050","歡迎光臨！<hex:02100103>怎麼了？你看起來好像有什麼想問的。"
85,"TEXT_FESANX001_05015_SWOZBLAET_000_051","新生祭的煙火啊……<hex:02100103>我的話，每次一聽到煙火那炸裂的巨響，<hex:02100103>就會想起靈災前的事。"
86,"TEXT_FESANX001_05015_SWOZBLAET_000_052","那個時候黑渦團剛成立，<hex:02100103>會舉辦一個名為大國防聯軍復古慶的慶典。<hex:02100103>煙火和蘊含慶祝之意的砲聲絡繹不絕。"
87,"TEXT_FESANX001_05015_SWOZBLAET_000_053","連續幾天的喧囂……<hex:02100103>雖然很開心，但是現在想起來，<hex:02100103>那或許也是人們為了暫時忘卻內心的不安吧。"
88,"TEXT_FESANX001_05015_SWOZBLAET_000_054","所以難得又到了新生祭時期，<hex:02100103>我還是想看到這個時代特有的<hex:02100103>能讓人們充滿希望的煙火。"
89,"TEXT_FESANX001_05015_SWOZBLAET_000_055","難得又到了新生祭時期，<hex:02100103>我還是想看到能讓人們充滿希望的美麗煙火。"
90,"TEXT_FESANX001_05015_MOB205015_000_060","白天熱鬧，晚上煙火……西風搭配喧鬧，讓人心情舒暢。<hex:02100103>我這航海結束得可真是時候啊……<hex:02100103>話說你找我有什麼事嗎？"
91,"TEXT_FESANX001_05015_MOB205015_000_061","新生祭的煙火啊，嗯……<hex:02100103>難得你來找我，<hex:02100103>我就稍微跟你聊聊我這老頭子的過去吧。"
92,"TEXT_FESANX001_05015_MOB205015_000_062","我因為貿易關係需要經常乘船到處跑，<hex:02100103>靈災發生的時候，我剛好從拉札漢回來。"
93,"TEXT_FESANX001_05015_MOB205015_000_063","從天空迫近的衛月散發著可怕的光芒。<hex:02100103>每個人都滿心不安地望向天空。"
94,"TEXT_FESANX001_05015_MOB205015_000_064","或許是因為靈災的後遺症，我對那段時期的記憶有些模糊了……<hex:02100103>但唯獨當時大家的表情我永遠都不會忘。"
95,"TEXT_FESANX001_05015_MOB205015_000_065","出於這個原因，<hex:02100103>熬過了靈災的我非常喜歡如今新生祭的煙火。<hex:02100103>因為可以讓望向天空的人們露出笑容。"
96,"TEXT_FESANX001_05015_MOB205015_000_066","我非常喜歡新生祭的煙火。<hex:02100103>因為可以讓望向天空的人們露出笑容。"
97,"TEXT_FESANX001_05015_SDHODJBI_000_070","哎呀，這不是冒險者<hex:020813E905FF07>姐姐<hex:FF07>哥哥<hex:03>嗎。<hex:02100103>找我有事嗎？"
98,"TEXT_FESANX001_05015_SDHODJBI_000_071","有關新生祭的煙火的街頭調查？<hex:02100103>原來如此，即使都被人們稱為英雄了，<hex:02100103>你還是依然會接一些奇怪的工作啊。"
99,"TEXT_FESANX001_05015_SDHODJBI_000_072","有關新生祭煙火的街頭調查？<hex:02100103>對於冒險者來說這種平淡無奇的工作也很重要啊。"
100,"TEXT_FESANX001_05015_SDHODJBI_000_073","新生祭……在悼念靈災的慶典上施放的煙火啊。<hex:02100103>作為在第七靈災中失去了至親的我來說，<hex:02100103>自然是會有一些切身感受到的東西。"
101,"TEXT_FESANX001_05015_SDHODJBI_000_074","每次聽到那喧鬧的煙火聲時，<hex:02100103>就會想著這聲音或許也會傳到父母那裡。"
102,"TEXT_FESANX001_05015_SDHODJBI_000_075","會希望如果他們能聽到的話，就從星海之下露個臉，<hex:02100103>好好地看看我。"
103,"TEXT_FESANX001_05015_SDHODJBI_000_076","雖然經歷了很多悲傷痛苦的事情，<hex:02100103>但在包括巴德龍大叔在內的很多人的幫助下，<hex:02100103>我總算勉強活了下來。"
104,"TEXT_FESANX001_05015_SDHODJBI_000_077","希望他們看到我現在平安無事就可以安息了。<hex:02100103>每次看到新生祭煙火升起的時候，我都會這樣想。"
105,"TEXT_FESANX001_05015_SDHODJBI_000_078","這也是我後來聽說的事，巴德龍在靈災發生時，<hex:02100103>一直在跟傭兵同伴和冒險者一起救助受災群眾。<hex:02100103>我也是在這個過程中被發現的。"
106,"TEXT_FESANX001_05015_SDHODJBI_000_079","既然現在都回憶起來了，<hex:02100103>我也得偶爾去給那個大叔買點東西才行。<hex:02100103>總之我很期待這次新生祭的煙火。"
107,"TEXT_FESANX001_05015_AYOYO_000_080","抱歉，讓你久等了吧。<hex:02100103>你那邊打聽得怎麼樣了？"
108,"TEXT_FESANX001_05015_AYOYO_000_081","原來如此……<hex:02100103>我這邊打聽到的情況也是，<hex:02100103>大家對於新生祭的煙火都懷抱著異常的熱情。"
109,"TEXT_FESANX001_05015_AYOYO_000_082","雖然對於大家來說靈災的記憶是痛苦的，<hex:02100103>但煙火還是為大家帶來了積極樂觀的心境。<hex:02100103>老實說，我很開心。"
110,"TEXT_FESANX001_05015_AYOYO_000_083","<hex:020813E905FF07>姐姐<hex:FF07>哥哥<hex:03>，<hex:02100103>如果要送給這些海都的人們一種新型煙火的話，<hex:02100103>你覺得什麼類型好呢？"
111,"TEXT_FESANX001_05015_Q50_000_001","如何回答？"
112,"TEXT_FESANX001_05015_A50_000_002","總之還是盡量華麗的吧"
113,"TEXT_FESANX001_05015_A50_000_003","能夠為他人加油打氣的那種"
114,"TEXT_FESANX001_05015_A50_000_004","能夠讓他人感受到對未來有希望的那種"
115,"TEXT_FESANX001_05015_AYOYO_000_084","啊，這個倒是沒錯！<hex:02100103>就用符合海都利姆薩·羅敏薩野性風格的華麗煙火，<hex:02100103>來好好點綴一下新生祭的夜空吧。"
116,"TEXT_FESANX001_05015_AYOYO_000_085","啊，這個想法不錯。<hex:02100103>為了讓看到的人都能有一種積極樂觀的心態，<hex:02100103>我們就用華麗的煙火來好好點綴一下新生祭的夜空吧。"
117,"TEXT_FESANX001_05015_AYOYO_000_086","希望嗎？真不錯。<hex:02100103>為了讓熬過靈災的人們能夠帶著積極樂觀的心態走向未來，<hex:02100103>我們就用滿滿的煙火來好好點綴一下新生祭的夜空吧。"
118,"TEXT_FESANX001_05015_AYOYO_000_087","新生祭是悼念靈災的犧牲讓逝者安息的活動。<hex:02100103>但同時也有讓生者擺脫過去的束縛，<hex:02100103>積極向前看的含義在裡面。"
119,"TEXT_FESANX001_05015_AYOYO_000_088","我也是在跟很多人聊過之後才發現這一點的。<hex:02100103>多虧這樣，如今我對符合海都風格的特殊煙火已經有想法了。"
120,"TEXT_FESANX001_05015_AYOYO_000_089","答案就是船。<hex:02100103>願逝者安息的悼念之砲，以及揚帆起航的慶祝之砲……<hex:02100103>我想把這樣的航海文化融入到新生祭的煙火當中！"
121,"TEXT_FESANX001_05015_AYOYO_000_090","在加拉迪翁灣放上一排船，然後華麗地發射到空中！！<hex:02100103>怎麼樣……這樣的煙花場面，你想不想看呢？"
122,"TEXT_FESANX001_05015_AYOYO_000_091","太好了……<hex:02100103>總之我們先回到詩人那裡去吧。<hex:02100103>他說過會在上層甲板的艦尾樓等我們對吧。"
123,"TEXT_FESANX001_05015_AYOYO_000_092","從那個距離發射到天空的話，那船的數量……"
124,"TEXT_FESANX001_05015_WANDERINGMINSTREL_000_100","二位回來了。<hex:02100103>怎麼樣？有沒有得到什麼有用的煙火情報？"
125,"TEXT_FESANX001_05015_WANDERINGMINSTREL_000_101","原來如此，既有讓逝者安息的含義，<hex:02100103>又能讓看到的人有積極樂觀心態的悼念之砲和慶祝之砲……啊。<hex:02100103>很有海都的新生祭風格，我覺得很不錯。"
126,"TEXT_FESANX001_05015_AYOYO_000_102","這也都是多虧了和海都居民的交流。<hex:02100103>不過若想將想法變成現實，<hex:02100103>還有幾個問題必須要解決。"
127,"TEXT_FESANX001_05015_AYOYO_000_103","這就需要很好地打聽到海都居民想法的<hex:020813E905FF07>姐姐<hex:FF07>哥哥<hex:03>的幫助了。<hex:02100103>如果你願意幫忙的話，就再來找我吧。"
